Provinsi,NamaKab/Kota,Bebas Sewa,Kontrak/Sewa,Milik Sendiri,Listrik PLN,Listrik non-PLN,Tidak ada listrik,Air Kemasan,Air Ledeng,Sumber Terlindung,Sumber Tidak Terlindung,Jamban Bersama/Umum,Jamban Sendiri,Tidak Ada Jamban,Bekerja,Tidak Bekerja,Jumlah Anak yang Bersekolah,Jumlah Anak yang Tidak Bersekolah
ACEH,ACEH BARAT,1177,338,18270,18835,125,982,1904,313,10073,7652,1464,8719,9759,31848,38077,16550,2867
ACEH,ACEH BARAT DAYA,2097,570,15359,17414,125,534,947,347,12419,4360,5215,3087,9771,23497,48534,18151,3445
ACEH,ACEH BESAR,3887,971,34134,38484,202,825,11310,2014,21377,4810,6803,24440,8268,51263,90972,37828,5580
ACEH,ACEH JAYA,684,68,7178,7752,21,179,470,219,4923,2340,1785,3392,2775,12924,15610,7688,1170
ACEH,ACEH SELATAN,3304,766,25008,27762,200,1433,1135,812,16574,10874,2627,9889,16879,35839,70932,27316,4920
ACEH,ACEH SINGKIL,1391,368,10287,11797,266,404,777,1085,3142,7463,2456,7060,2951,16223,34667,16244,3180
ACEH,ACEH TAMIANG,3787,989,23201,28221,160,374,7036,1874,12074,7771,3401,22018,3336,34705,66615,27536,5063
ACEH,ACEH TENGAH,3113,1385,15070,18416,421,962,1053,1503,10178,7065,5594,10096,4109,37223,28728,17305,3012
ACEH,ACEH TENGGARA,2854,1255,11158,14169,220,1197,191,574,9080,5741,1877,2529,11180,31213,38751,24109,3553
ACEH,ACEH TIMUR,4215,885,41713,43664,804,3121,3414,4554,17418,22203,5246,23405,18938,65836,122924,52368,12620
ACEH,ACEH UTARA,6255,999,72399,76820,639,3163,3251,4911,34327,38128,14308,33661,32649,106022,195426,82016,16361
ACEH,BENER MERIAH,1407,483,7474,8507,105,866,194,1321,4904,3058,3007,4987,1484,18884,16831,11118,1821
ACEH,BIREUEN,4730,1208,46555,50023,422,2777,3521,4411,29752,15538,8937,28539,15746,78611,128876,52548,9935
ACEH,GAYO LUES,1027,282,6505,5631,1977,266,255,484,3747,3388,2083,834,4957,17722,13540,9469,1889
ACEH,KOTA BANDA ACEH,1676,1219,5441,8394,6,20,7228,646,522,24,1182,7206,32,10962,20664,8903,943
ACEH,KOTA LANGSA,2070,1143,6308,9581,2,107,3477,601,5118,493,2533,6250,907,13178,30375,13186,2155
ACEH,KOTA LHOKSEUMAWE,1396,1327,9381,12014,1,168,5934,661,4524,1064,1911,8242,2030,15428,38751,16410,2129
ACEH,KOTA SABANG,432,116,1689,2238,1,14,1312,274,422,245,600,1345,308,2953,5222,2305,305
ACEH,KOTA SUBULUSSALAM,624,234,6256,7137,49,124,265,303,822,5920,1063,4339,1908,7606,23795,11761,1666
ACEH,NAGAN RAYA,2234,324,16828,18985,115,638,417,29,11859,7433,1720,7916,10101,27426,36599,15293,3035
ACEH,PIDIE,8671,565,40500,47911,257,1938,4245,1160,35002,9699,14137,11232,24737,75225,121206,55385,9182
ACEH,PIDIE JAYA,1770,293,16826,18279,13,691,2873,1762,10901,3447,4655,6808,7520,29265,44943,20130,3025
ACEH,SIMEULUE,798,101,10756,11279,88,399,1081,129,3906,6650,1037,3599,7130,17388,24389,12803,1534
BALI,BADUNG,354,150,11770,12260,0,41,750,2630,8039,882,3390,7507,1404,29346,21342,11199,1266
BALI,BANGLI,623,58,16554,16428,173,715,149,4472,6691,6004,4024,5162,8130,39502,20220,11718,3925
BALI,BULELENG,9229,711,51151,60302,363,1317,581,10933,35315,15153,14068,29508,18406,111588,95591,45372,13510
BALI,GIANYAR,277,70,18680,19055,9,35,114,6403,11012,1570,5702,10152,3245,50422,34949,18424,2926
BALI,JEMBRANA,1831,204,15664,17638,13,59,1034,3598,7182,5896,5062,7493,5155,29036,26616,11763,2536
BALI,KARANG ASEM,2359,107,35550,37110,164,1162,101,11096,15309,11930,5163,12340,20933,77317,52648,27178,9442
BALI,KLUNGKUNG,563,67,10460,10796,186,207,128,4464,1687,4910,2427,4418,4344,22576,13841,7386,1328
BALI,KOTA DENPASAR,243,1759,2677,4703,0,14,3074,319,1189,135,1588,2991,138,9768,9743,5314,769
BALI,TABANAN,801,196,28094,28927,4,228,529,9951,15130,3549,4936,19528,4695,68331,39601,19164,3144
BANTEN,KOTA CILEGON,1444,750,11539,13840,24,17,4975,455,8147,304,1024,9885,2972,18471,37958,13743,3186
BANTEN,KOTA SERANG,1728,439,18240,20274,155,60,7046,466,11095,1882,1686,7247,11556,28859,65382,21953,11085
BANTEN,KOTA TANGERANG,7930,11090,48304,68244,247,74,24141,7100,36921,403,13687,52956,1922,89515,159363,56848,12739
BANTEN,KOTA TANGERANG SELATAN,1202,4149,28773,34144,268,41,3271,642,28998,1542,2717,31555,181,43147,75496,22923,5379
BANTEN,LEBAK,2646,377,101708,102597,577,2028,1569,1779,47230,54624,14200,23328,67674,141628,263783,91368,43869
BANTEN,PANDEGLANG,4208,602,108168,111242,1287,813,4851,2984,44111,61396,11432,33918,67992,157164,300799,114663,45043
BANTEN,SERANG,2454,231,66140,67925,699,689,12909,2149,36244,18011,5794,18149,45370,77491,198651,69095,23593
BANTEN,TANGERANG,8466,3209,216012,223876,4858,611,52691,25182,133967,17505,56523,104857,67965,278791,557952,163041,59894
BENGKULU,BENGKULU SELATAN,640,124,11458,10786,312,1139,115,259,3898,7965,1128,5282,5827,22588,20979,10638,1749
BENGKULU,BENGKULU TENGAH,1156,94,11143,10923,210,1272,165,364,1649,10227,1838,5538,5029,17823,22792,9278,2953
BENGKULU,BENGKULU UTARA,1928,229,19796,18774,688,2715,216,1545,3942,16474,3228,8229,10720,34292,42787,18989,5268
BENGKULU,KAUR,571,101,11442,10674,687,786,77,313,3630,8127,1062,5708,5377,23241,22800,11845,1796
BENGKULU,KEPAHIANG,1377,391,8980,9387,142,1257,53,1033,1837,7863,865,6750,3171,20093,15929,8135,2238
BENGKULU,KOTA BENGKULU,2917,3599,13677,20095,96,106,5906,2305,7150,4936,2658,16967,672,30126,45774,19924,3435
BENGKULU,LEBONG,1496,177,8533,8914,317,989,211,1892,1913,6204,415,2677,7128,17786,16350,8474,1988
BENGKULU,MUKOMUKO,1442,147,11493,11741,540,1001,1665,34,2128,9455,1801,7882,3599,18731,28121,12072,2724
BENGKULU,REJANG LEBONG,4947,1754,21084,21941,306,5677,65,1951,8932,16976,3623,13345,10956,48162,38789,18845,5422
BENGKULU,SELUMA,1202,81,18592,17013,543,2409,234,73,2752,16906,1708,10112,8145,34176,32808,15992,3767
DI YOGYAKARTA,BANTUL,7477,730,89978,97752,284,563,656,5812,81756,10375,23401,68192,7006,157771,137458,52162,9045
DI YOGYAKARTA,GUNUNG KIDUL,1910,118,94846,96294,524,392,242,32742,34251,29973,11368,83454,2385,196747,114894,46355,11179
DI YOGYAKARTA,KOTA YOGYAKARTA,8438,4752,12121,26016,20,91,802,4267,20448,610,12225,13567,335,40149,40233,16094,2271
DI YOGYAKARTA,KULON PROGO,2868,78,41069,43765,9,382,263,4787,27078,12027,9409,32230,2517,76295,52757,22281,3472
DI YOGYAKARTA,SLEMAN,12437,1680,85901,100730,334,382,642,3469,83055,14280,18293,72620,10533,163338,142140,56284,9250
DKI JAKARTA,KEPULAUAN SERIBU,136,92,1519,1727,24,1,1243,232,35,242,546,1094,112,2343,4296,1638,314
DKI JAKARTA,KOTA JAKARTA BARAT,9539,14866,27715,52910,2,59,17745,29138,6056,32,20048,32692,231,69782,123562,45163,12116
DKI JAKARTA,KOTA JAKARTA PUSAT,12463,7219,13593,34719,0,82,12075,17150,5576,0,19272,15491,38,45526,74585,26210,6799
DKI JAKARTA,KOTA JAKARTA SELATAN,7679,13394,16148,38004,22,51,11403,1202,25408,64,11702,26356,18,49020,86413,35037,6982
DKI JAKARTA,KOTA JAKARTA TIMUR,14065,21337,30195,67598,0,126,27866,5172,34685,0,21569,45834,321,80675,157652,57517,13113
DKI JAKARTA,KOTA JAKARTA UTARA,16213,22248,29531,69463,0,0,39836,29066,560,0,28834,39242,1387,93340,158710,60303,15091
GORONTALO,BOALEMO,1309,28,13093,11292,923,2521,450,1444,9844,2998,3375,2422,8939,21246,36616,14431,4713
GORONTALO,BONE BOLANGO,1747,29,11726,11639,1107,1364,990,1489,9362,2269,3449,2098,8563,18696,38006,15459,3590
GORONTALO,GORONTALO,5389,111,38085,36911,2125,5693,1938,3452,33127,6212,11102,9755,23872,67895,110299,42178,14116
GORONTALO,GORONTALO UTARA,1100,15,10799,9446,989,1539,660,926,5714,4674,1901,1082,8990,17310,30440,12992,3611
GORONTALO,KOTA GORONTALO,3739,155,8273,12848,38,120,2141,3682,6915,268,5573,5337,2096,17321,33694,14640,2666
GORONTALO,POHUWATO,721,39,10433,9608,569,1181,1821,3287,3738,2512,2471,1882,7005,17230,30700,12621,3842
JAMBI,BATANG HARI,2943,476,17474,18138,536,2361,1137,1040,7846,11012,5511,10786,4738,29712,45663,17551,4985
JAMBI,BUNGO,1905,300,15032,14416,563,2519,1004,449,8069,7976,1880,6891,8727,24028,37713,15815,4670
JAMBI,KERINCI,7269,197,20855,26272,492,1695,1752,8433,8394,9880,7081,10082,11296,37297,43616,17407,3326
JAMBI,KOTA JAMBI,4847,6727,19815,31300,228,180,7057,9050,10910,4691,3580,27050,1078,47843,75008,30697,5380
JAMBI,KOTA SUNGAI PENUH,1192,198,3943,5126,10,329,690,3008,819,948,1102,2080,2283,7404,11424,4681,786
JAMBI,MERANGIN,1634,277,20975,15672,4924,2545,880,259,5359,16643,2997,9359,10785,34643,42710,17286,6565
JAMBI,MUARO JAMBI,1834,460,14950,15150,754,1633,2724,565,5650,8598,3644,9730,4163,26527,39627,17090,4396
JAMBI,SAROLANGUN,2011,305,20217,18061,1843,2769,661,658,7677,13677,2774,11113,8786,31653,45697,19137,5386
JAMBI,TANJUNG JABUNG BARAT,1927,1483,21271,13283,5393,6161,1503,188,2752,20394,2799,15308,6730,42174,46368,21245,5511
JAMBI,TANJUNG JABUNG TIMUR,767,291,15668,11428,2404,3087,2121,18,458,14322,1489,12265,3165,28911,29973,12798,3893
JAMBI,TEBO,1913,190,18313,17175,777,2779,402,546,7601,12182,2467,11429,6835,30615,38215,15155,4733
JAWA BARAT,BANDUNG,39603,15120,262036,324687,2171,173,53821,9850,209691,53668,137184,170333,19514,371748,737329,251184,86362
JAWA BARAT,BANDUNG BARAT,13299,2906,123752,140368,1189,465,4766,6576,93577,37103,53948,82104,5970,141403,316565,100105,36178
JAWA BARAT,BEKASI,5073,2585,149789,157390,946,516,79625,7443,62526,9258,45839,65556,47456,177813,355743,108363,34441
JAWA BARAT,BOGOR,17488,5959,293165,314756,2623,1636,11235,7068,188948,111763,68638,164735,85640,364681,794072,249557,111978
JAWA BARAT,CIAMIS,16277,1553,133047,150502,64,565,3137,3997,88601,55396,40238,69971,40921,151126,279464,80792,26191
JAWA BARAT,CIANJUR,27575,10239,262368,292508,7092,4842,10551,7088,176616,110186,123662,141579,39196,305826,638963,190467,80378
JAWA BARAT,CIREBON,47080,2732,193942,249697,67,37,42928,22778,158055,26039,57678,138029,54093,294322,597134,179272,61304
JAWA BARAT,GARUT,27671,6222,279161,310958,3319,1131,9542,11088,183764,111014,161230,123668,30509,358801,752354,270618,90282
JAWA BARAT,INDRAMAYU,31203,2268,202632,234569,1898,934,84848,48025,92194,12333,33060,150772,53567,245184,463266,128354,46956
JAWA BARAT,KARAWANG,17186,3986,196421,216316,1760,1579,39083,11459,147509,21604,47718,59836,112101,229119,476521,133710,53203
JAWA BARAT,KOTA BANDUNG,25814,25475,61657,115568,1638,5,39070,27535,47750,2851,55410,61139,659,135476,263817,93196,20595
JAWA BARAT,KOTA BANJAR,1322,436,10076,11772,44,18,1211,283,8261,2079,3435,7153,1246,11561,23701,7467,1989
JAWA BARAT,KOTA BEKASI,7857,18191,68576,95067,380,67,36195,2216,56647,456,7897,87164,453,118550,223994,79417,14346
JAWA BARAT,KOTA BOGOR,13726,5663,49606,70931,294,81,5683,20075,42647,2901,13990,52352,4964,88517,166151,57867,14863
JAWA BARAT,KOTA CIMAHI,5970,4372,14867,25456,105,6,7958,1515,14717,1377,10489,14807,270,28258,58922,21797,5196
JAWA BARAT,KOTA CIREBON,6449,2018,17207,26082,47,41,4981,15325,4398,1466,5984,19285,901,32368,59717,20781,6097
JAWA BARAT,KOTA DEPOK,6508,10797,56430,74050,183,44,6383,1647,65371,876,4677,68963,637,99529,172978,60287,12517
JAWA BARAT,KOTA SUKABUMI,3485,2393,15944,22541,1,46,3483,962,14547,3596,5898,15693,997,27195,55201,18465,4800
JAWA BARAT,KOTA TASIKMALAYA,10422,5610,49661,66726,4,5,9865,1339,40014,15517,16822,39498,10415,90104,138801,52629,13908
JAWA BARAT,KUNINGAN,8549,699,98786,108732,0,0,691,6248,74387,27406,9332,87606,11794,124028,243402,72053,23901
JAWA BARAT,MAJALENGKA,14975,1005,120975,137711,0,306,15501,3362,98984,20169,33064,84240,20712,167399,243615,75267,25638
JAWA BARAT,PANGANDARAN,2448,302,40600,43142,9,276,2280,523,24298,16326,8609,22154,12664,52181,64268,20417,7289
JAWA BARAT,PURWAKARTA,3974,1185,53868,59042,314,294,942,2539,29921,26247,14168,34594,10887,66558,136695,42760,19278
JAWA BARAT,SUBANG,13164,2957,113562,129625,932,344,7829,15332,97556,10184,24904,72306,33691,144897,285269,86621,29489
JAWA BARAT,SUKABUMI,15262,3126,215267,231901,1868,1716,4923,3503,109417,117641,82186,102941,50354,252680,564761,191292,66625
JAWA BARAT,SUMEDANG,8284,1392,85043,96349,341,231,2368,6564,65954,22035,27639,59004,10278,92453,178727,50268,16010
JAWA BARAT,TASIKMALAYA,14118,1657,194724,210295,682,829,2609,1921,96265,111010,98747,61011,52046,252056,406726,136705,48785
JAWA TENGAH,BANJARNEGARA,4437,271,100415,105056,511,616,323,2132,59766,43961,20463,39211,46506,163038,190090,58970,24005
JAWA TENGAH,BANYUMAS,9248,983,210340,219987,687,777,5302,8689,133862,73598,40166,117709,63576,321237,414756,142079,35816
JAWA TENGAH,BATANG,2708,129,72007,74746,74,176,198,5590,52587,16621,9224,35626,30146,122026,142093,46719,17275
JAWA TENGAH,BLORA,5347,320,105567,110852,495,313,7589,9574,78880,15617,24037,70135,17488,181228,139402,55391,14531
JAWA TENGAH,BOYOLALI,4724,312,91118,96330,219,263,335,7932,70301,18244,27903,56045,12864,158605,127794,53306,11828
JAWA TENGAH,BREBES,26963,1141,231587,261551,1446,982,13940,48985,176266,24787,29813,136283,97882,425865,537049,178095,70572
JAWA TENGAH,CILACAP,12116,1365,194609,208230,16,1091,7341,13206,131699,57091,43119,127393,38825,276824,394804,136061,34300
JAWA TENGAH,DEMAK,9808,611,138813,150288,0,0,33236,23494,77561,15997,37456,86148,26684,211985,262238,98825,21801
JAWA TENGAH,GROBOGAN,12157,429,175991,189218,75,377,30325,9966,99452,49927,42656,120269,26745,275721,255239,97264,29298
JAWA TENGAH,JEPARA,13019,502,136989,150794,612,348,4545,13112,75778,58318,49013,87167,15572,219201,254484,93037,23974
JAWA TENGAH,KARANGANYAR,5682,448,70499,76993,0,159,378,13060,59408,4306,11737,58146,7269,126279,125985,45715,9762
JAWA TENGAH,KEBUMEN,10324,749,144122,155619,0,1031,2195,3115,110402,40938,21634,100026,34990,254639,285739,118127,23078
JAWA TENGAH,KENDAL,10708,530,85489,97329,0,221,3194,16767,62136,15452,15380,49817,32353,136625,161699,52243,14849
JAWA TENGAH,KLATEN,18847,989,146273,167988,0,508,725,9601,139481,18688,37701,106244,24549,239549,263086,95739,15478
JAWA TENGAH,KOTA MAGELANG,2564,1440,4826,9116,0,21,31,6054,2911,141,2002,6639,496,14044,16929,5951,1393
JAWA TENGAH,KOTA PEKALONGAN,7347,534,20470,29514,69,43,780,9013,18851,982,7883,19599,2144,53254,55667,22290,6633
JAWA TENGAH,KOTA SALATIGA,1243,379,7296,9132,18,20,44,4295,4307,524,2036,6792,342,15037,14978,6185,1003
JAWA TENGAH,KOTA SEMARANG,16626,5271,53665,77643,340,0,13679,28508,33974,1822,20859,54891,2233,116081,134869,52273,10463
JAWA TENGAH,KOTA SURAKARTA,10917,6168,20673,40849,133,85,2900,12074,25295,798,21878,18972,217,63982,67839,28105,4350
JAWA TENGAH,KOTA TEGAL,6172,807,12548,21945,0,45,403,20488,955,144,7067,12748,2175,33963,43425,16501,4661
JAWA TENGAH,KUDUS,3278,489,53717,57596,1,55,3660,6611,42921,4459,6696,45674,5281,102871,95813,36892,10612
JAWA TENGAH,MAGELANG,8696,1129,142625,152481,536,560,288,16253,101444,35592,41022,83105,29450,277574,236761,96690,27889
JAWA TENGAH,PATI,11716,514,164527,177824,0,2,25166,26612,109024,17024,37578,118695,21552,239592,284287,85359,21934
JAWA TENGAH,PEKALONGAN,7212,398,92910,101105,1570,433,1355,4741,79750,17259,14988,54440,33677,202941,221457,80643,29902
JAWA TENGAH,PEMALANG,13766,796,153280,167819,0,679,5776,13732,124555,24435,20808,91578,56112,274312,372936,127127,44831
JAWA TENGAH,PURBALINGGA,4766,320,111266,116844,5,801,1564,11307,68498,36281,15257,63267,39126,202746,221970,81955,25376
JAWA TENGAH,PURWOREJO,11008,794,68477,80911,9,576,133,3213,55188,22962,17444,47829,16223,122274,122338,49561,10165
JAWA TENGAH,REMBANG,3575,267,86905,91040,72,59,18899,7655,59533,5083,13312,56222,21636,143354,146615,51622,12849
JAWA TENGAH,SEMARANG,4498,305,68526,73540,0,55,520,4913,53596,14566,13493,47998,12104,124038,105734,42378,10918
JAWA TENGAH,SRAGEN,7410,274,73426,81039,293,264,2680,12005,61128,5783,22695,51735,7166,116501,118979,44073,9344
JAWA TENGAH,SUKOHARJO,8542,1496,73552,84578,16,46,1952,5813,71926,4949,22661,55712,6267,133450,134510,47859,9010
JAWA TENGAH,TEGAL,21406,1219,141134,164794,1602,674,5555,19278,118713,23524,22072,97364,47633,255316,366843,122946,42899
JAWA TENGAH,TEMANGGUNG,2957,692,77134,80946,173,118,124,9842,56886,14384,20822,48822,11593,151855,118282,46593,15101
JAWA TENGAH,WONOGIRI,2579,65,90222,92534,474,328,273,10919,69109,13035,11026,77526,4784,170960,123385,44551,12368
JAWA TENGAH,WONOSOBO,4865,436,82390,87562,151,324,95,17424,50569,19949,38696,42918,6423,145219,129650,46109,19374
JAWA TIMUR,BANGKALAN,3650,1013,122504,125153,1889,1047,4729,3173,93916,26271,27481,87036,13572,250263,196760,72182,34205
JAWA TIMUR,BANYUWANGI,17515,2384,159165,179788,2428,476,5005,15548,138480,23657,22095,78957,81638,242222,242535,80766,22608
JAWA TIMUR,BLITAR,9049,622,102002,111138,668,495,421,10808,82228,18844,19187,75469,17645,149627,166487,50865,14563
JAWA TIMUR,BOJONEGORO,2802,343,160901,162473,1467,681,11847,8226,131825,12723,29850,86927,47844,251192,250430,85059,20092
JAWA TIMUR,BONDOWOSO,3233,428,148313,148440,2378,1530,260,7657,117060,27371,29125,13281,109942,217671,183895,66776,17647
JAWA TIMUR,GRESIK,4722,1347,88941,94372,1088,361,53147,6513,28569,7592,11237,79871,4713,144819,185651,65720,11762
JAWA TIMUR,JEMBER,14326,2383,275696,288442,5429,1419,2418,5716,225844,61312,36551,70788,187950,382915,472806,143127,53190
JAWA TIMUR,JOMBANG,12420,1551,135393,150973,751,356,10022,5228,130653,6177,26855,90280,34945,205107,256864,89791,18799
JAWA TIMUR,KEDIRI,17092,1716,135479,153072,1361,649,804,4872,130752,18653,30369,93987,30726,207427,250516,81944,21097
JAWA TIMUR,KOTA BATU,548,339,10586,11448,35,37,52,2421,8840,207,1190,9430,900,20461,16975,7056,1553
JAWA TIMUR,KOTA BLITAR,946,296,5831,7106,14,33,291,463,5563,836,1261,5500,392,11355,11934,4865,838
JAWA TIMUR,KOTA KEDIRI,4174,1717,14730,21146,40,42,1403,762,18846,217,4916,15600,712,29233,34131,12704,2053
JAWA TIMUR,KOTA MADIUN,1921,863,4222,7499,14,15,2169,2418,2879,62,1763,5642,123,10418,12366,4402,770
JAWA TIMUR,KOTA MALANG,4043,2457,23974,30901,177,99,927,10655,18595,1000,4686,24348,2143,47161,58562,20050,5276
JAWA TIMUR,KOTA MOJOKERTO,1211,652,4892,6965,0,8,2603,72,4284,14,1735,4830,408,10477,11465,4598,731
JAWA TIMUR,KOTA PASURUAN,1640,984,11682,14321,0,14,2428,5389,6455,63,3661,7953,2721,21859,26675,9999,2400
JAWA TIMUR,KOTA PROBOLINGGO,1396,484,15460,17534,0,12,2487,1197,13822,40,4197,9660,3689,26375,31234,11852,2676
JAWA TIMUR,KOTA SURABAYA,24748,32658,81686,146796,2108,236,77307,68116,3388,328,57482,90826,828,202425,288473,99066,19764
JAWA TIMUR,LAMONGAN,5408,592,109172,115096,0,84,33537,17617,49455,14571,15743,76298,23139,195122,200709,70903,14333
JAWA TIMUR,LUMAJANG,4390,1153,126774,131878,317,501,1947,18104,100567,12078,23164,70845,38687,209858,195218,59275,24178
JAWA TIMUR,MADIUN,4434,379,67778,72683,342,193,1202,8735,58301,4980,16087,44326,12804,89835,104235,30722,6693
JAWA TIMUR,MAGETAN,2767,236,58077,61623,0,105,568,19949,37708,3503,8407,46381,6940,102874,79606,28952,5363
JAWA TIMUR,MALANG,8374,2211,200102,209734,1902,778,654,30369,152496,28895,37010,149832,25572,309835,331688,102985,37291
JAWA TIMUR,MOJOKERTO,4885,964,73051,79146,538,145,3429,4965,66959,4476,13046,41669,25114,115147,149209,52302,11085
JAWA TIMUR,NGANJUK,12810,974,129862,144762,1033,396,3600,4354,127664,10573,38635,86408,21148,200037,242427,78564,18155
JAWA TIMUR,NGAWI,6207,409,110892,117764,596,425,2796,8191,101122,6676,31596,65727,21462,180314,167324,58931,12932
JAWA TIMUR,PACITAN,646,73,53424,53317,154,814,107,4670,28024,21484,7057,46279,949,107235,51129,22249,7476
JAWA TIMUR,PAMEKASAN,4030,347,119681,123533,675,319,440,8159,92062,23866,52774,53132,18621,237305,187070,80777,20504
JAWA TIMUR,PASURUAN,4742,1425,191026,194665,3037,867,3059,21856,149988,23666,47088,66832,84649,256554,330548,95143,37310
JAWA TIMUR,PONOROGO,6082,224,103463,108966,571,498,783,5175,88368,15709,24939,72068,13028,179384,141502,46827,11328
JAWA TIMUR,PROBOLINGGO,5429,472,177755,180224,2864,1265,2023,19514,130827,31989,41698,36290,106365,271536,270479,89756,31124
JAWA TIMUR,SAMPANG,4508,127,131453,135414,444,413,657,9129,78448,48037,32283,74125,29862,290130,208821,99294,36016
JAWA TIMUR,SIDOARJO,7171,4886,104549,116683,425,128,19928,22357,72865,2086,17353,75003,24880,156643,220399,73438,12412
JAWA TIMUR,SITUBONDO,4527,842,103207,107025,1420,747,283,8100,86881,13928,19922,10799,78471,137947,119091,37692,10449
JAWA TIMUR,SUMENEP,3543,412,176204,148281,21586,10695,472,8588,146053,25448,62784,54056,63721,307903,202831,79611,19145
JAWA TIMUR,TRENGGALEK,2026,43,80870,82368,398,312,413,1244,45140,36281,17726,48868,16483,140713,108785,37034,11052
JAWA TIMUR,TUBAN,3897,467,119255,122800,1575,471,19757,17916,79461,7712,21399,55686,47761,184431,212616,64879,20550
JAWA TIMUR,TULUNGAGUNG,5906,595,88872,95597,1061,363,912,9867,75699,10543,20880,65458,10682,144991,136906,45015,11711
KALIMANTAN BARAT,BENGKAYANG,962,47,16276,10375,1199,5869,83,276,4573,12511,801,7190,9452,35245,39055,21068,5618
KALIMANTAN BARAT,KAPUAS HULU,1398,98,24341,14680,4283,7598,367,2928,4223,19043,4472,9616,12473,57640,40810,22353,6296
KALIMANTAN BARAT,KAYONG UTARA,228,22,8311,6662,452,1492,17,0,2196,6393,233,4182,4191,15292,21923,10120,2762
KALIMANTAN BARAT,KETAPANG,2285,413,36492,22967,5156,11777,1431,682,9632,28155,6315,15422,18163,57389,74438,26452,10205
KALIMANTAN BARAT,KOTA PONTIANAK,4696,1745,15226,23181,164,106,829,179,16,22427,3895,18673,883,30731,58997,21025,5147
KALIMANTAN BARAT,KOTA SINGKAWANG,1894,304,11265,12627,501,666,762,1044,2188,9799,1571,9034,3189,22541,31839,13712,4037
KALIMANTAN BARAT,KUBU RAYA,2742,1315,45827,45031,1799,3943,213,103,555,49902,4663,30953,15157,80533,115129,46675,15067
KALIMANTAN BARAT,LANDAK,1554,256,43884,22137,2935,21180,209,3538,7734,34771,2783,15175,28293,103469,84572,48450,11095
KALIMANTAN BARAT,MELAWI,1310,84,15757,6681,1440,9141,349,361,3456,13096,6956,4103,6203,31844,27319,12253,5328
KALIMANTAN BARAT,MEMPAWAH,1309,249,24156,24147,421,1469,258,151,2105,23523,1236,16833,7968,40534,62114,24491,7011
KALIMANTAN BARAT,SAMBAS,2588,300,38003,38360,880,1860,156,285,1010,39649,4598,24350,12152,73198,73709,32900,10528
KALIMANTAN BARAT,SANGGAU,1288,330,28845,14391,3527,13072,834,2110,8153,19893,4242,9535,17213,60257,51168,23875,8232
KALIMANTAN BARAT,SEKADAU,353,35,8600,2225,1722,5077,44,417,1275,7288,878,2432,5714,22073,18781,11070,4155
KALIMANTAN BARAT,SINTANG,2337,388,39236,14706,5191,23028,1361,721,5872,34971,8020,15222,19682,88065,59999,32152,12311
KALIMANTAN SELATAN,BALANGAN,650,55,6720,5926,152,1354,62,1052,2017,4301,1696,3177,2559,12559,11949,6042,1809
KALIMANTAN SELATAN,BANJAR,3769,570,19410,22636,145,1282,626,4212,2565,16660,12614,7805,3644,37519,46651,17388,7586
KALIMANTAN SELATAN,BARITO KUALA,2196,199,15667,16622,220,1329,225,1334,1335,15277,10411,7020,740,26551,38589,15992,4263
KALIMANTAN SELATAN,HULU SUNGAI SELATAN,3043,373,17728,19324,275,1912,599,3014,8908,8990,11376,6912,3223,29570,32603,12502,4284
KALIMANTAN SELATAN,HULU SUNGAI TENGAH,2625,336,23362,23325,798,2408,419,1971,15136,9004,8410,11589,6531,36015,38279,15074,4711
KALIMANTAN SELATAN,HULU SUNGAI UTARA,5038,637,20100,24674,503,823,203,5929,10216,9652,12666,11064,2270,37481,42789,16570,5128
KALIMANTAN SELATAN,KOTA BANJAR BARU,2014,1430,7235,10563,95,123,1200,767,3620,5194,1910,8451,420,13738,21471,8295,1690
KALIMANTAN SELATAN,KOTA BANJARMASIN,8207,7749,20516,36472,94,67,512,35682,62,377,13756,22841,36,46297,78209,27680,6616
KALIMANTAN SELATAN,KOTA BARU,1209,357,13034,8892,2389,3452,457,1700,4296,8280,1675,6072,6986,19423,33908,12719,4885
KALIMANTAN SELATAN,TABALONG,1690,499,16884,17942,494,814,764,3894,4134,10458,3676,11006,4568,30135,26668,11583,3008
KALIMANTAN SELATAN,TANAH BUMBU,1759,927,14022,15121,713,923,2881,1539,2579,9758,2973,11036,2748,20251,33624,11995,2976
KALIMANTAN SELATAN,TANAH LAUT,1822,317,15354,16673,402,523,331,378,4918,11971,5655,9036,2907,20888,33777,12074,3621
KALIMANTAN SELATAN,TAPIN,587,65,5715,5619,79,735,140,517,1857,3919,4070,1463,900,10478,11444,4491,2035
KALIMANTAN TENGAH,BARITO SELATAN,758,157,6017,3875,684,2553,108,1138,741,5125,4430,1634,1048,10159,13145,5512,1346
KALIMANTAN TENGAH,BARITO TIMUR,385,81,4641,3954,264,900,155,192,1383,3388,1291,2453,1374,8781,7058,3573,866
KALIMANTAN TENGAH,BARITO UTARA,1071,124,5932,3079,1971,2190,156,1170,750,5164,2654,2616,1970,11408,10657,4627,1472
KALIMANTAN TENGAH,GUNUNG MAS,225,10,1162,442,345,656,64,33,219,1127,752,252,439,3194,3560,2017,768
KALIMANTAN TENGAH,KAPUAS,3102,599,26443,23199,1222,6177,757,1191,2972,25678,15484,8477,6637,49676,57286,24460,8645
KALIMANTAN TENGAH,KATINGAN,1078,138,7987,6064,745,2419,426,289,3706,4807,5856,3357,15,12340,17948,6621,2051
KALIMANTAN TENGAH,KOTA PALANGKA RAYA,1493,1460,6126,8680,274,188,1816,455,6444,427,2140,6627,375,13026,19552,8518,1810
KALIMANTAN TENGAH,KOTAWARINGIN BARAT,879,270,8520,8388,856,598,1369,1562,3919,2992,2540,6159,1143,11931,19476,6017,2111
KALIMANTAN TENGAH,KOTAWARINGIN TIMUR,3022,572,24075,20128,2831,5101,2791,1854,3368,20047,11050,10737,6273,38659,57267,21359,7149
KALIMANTAN TENGAH,LAMANDAU,217,20,2874,1117,847,1161,158,55,670,2242,1144,1263,718,4664,5514,2107,589
KALIMANTAN TENGAH,MURUNG RAYA,601,48,4870,1205,1733,2753,5,295,780,4611,2793,659,2239,10400,13669,6898,2338
KALIMANTAN TENGAH,PULANG PISAU,885,44,9858,9706,497,805,751,254,1666,8337,3525,5485,1998,18801,19493,8755,2549
KALIMANTAN TENGAH,SERUYAN,582,110,5923,3779,1987,989,661,265,2855,2974,2958,3058,739,7614,13367,4312,1398
KALIMANTAN TENGAH,SUKAMARA,384,43,2202,1498,617,520,130,30,1479,996,658,1167,810,3268,5138,1663,680
KALIMANTAN TIMUR,BERAU,1005,195,6625,4653,1901,1415,900,915,1902,4252,530,5163,2276,10002,17604,6697,1639
KALIMANTAN TIMUR,KOTA BALIKPAPAN,4382,3980,15865,24254,321,118,8372,11449,2844,2028,2461,21563,669,32067,58897,23038,4662
KALIMANTAN TIMUR,KOTA BONTANG,867,1990,4520,6964,377,99,3540,3041,539,320,995,6103,342,9905,21505,8536,2031
KALIMANTAN TIMUR,KOTA SAMARINDA,3800,6028,17268,27017,82,215,12315,10206,2457,2336,3815,22758,741,39144,59615,23539,4843
KALIMANTAN TIMUR,KUTAI BARAT,906,112,8976,4300,3042,2808,667,753,2230,6500,2914,4680,2556,15558,20802,8800,2095
KALIMANTAN TIMUR,KUTAI KARTANEGARA,3130,1293,30738,28039,5140,2640,11869,5246,5687,13017,6347,26140,3332,45090,75161,26717,6394
KALIMANTAN TIMUR,KUTAI TIMUR,3913,1433,16529,10655,8443,3236,7356,2540,2760,9678,4326,14402,3606,28604,48109,18653,4146
KALIMANTAN TIMUR,MAHAKAM HULU,157,26,1905,286,1334,493,35,5,288,1785,501,780,832,4324,4324,1945,467
KALIMANTAN TIMUR,PASER,1640,375,18847,14256,4921,2249,3515,2168,3357,12386,1436,16284,3706,26827,44096,15971,4494
KALIMANTAN TIMUR,PENAJAM PASER UTARA,981,260,9131,9910,246,347,3999,601,2333,3570,1226,7747,1530,14731,26169,10806,2354
KALIMANTAN UTARA,BULUNGAN,600,80,4673,3422,1003,970,436,378,319,4262,709,3575,1111,8494,11471,4723,1467
KALIMANTAN UTARA,KOTA TARAKAN,1656,1911,6524,9879,169,132,3427,1615,1131,4007,926,8405,849,14498,29184,11525,3021
KALIMANTAN UTARA,MALINAU,269,67,4295,2636,1122,896,381,990,298,2985,253,2806,1595,8981,9677,4903,1311
KALIMANTAN UTARA,NUNUKAN,1749,738,10243,6429,2989,3482,1459,1090,1217,9134,2512,5935,4453,20367,34051,15542,3967
KALIMANTAN UTARA,TANA TIDUNG,80,5,604,324,210,159,32,5,63,593,122,347,224,965,1893,738,218
KEPULAUAN BANGKA BELITUNG,BANGKA,976,255,13642,14370,211,433,3086,655,7489,3784,631,10652,3731,20598,27421,10262,2970
KEPULAUAN BANGKA BELITUNG,BANGKA BARAT,198,39,5956,5691,184,324,327,136,2825,2911,264,2623,3312,9404,13198,5237,2297
KEPULAUAN BANGKA BELITUNG,BANGKA SELATAN,521,128,7360,7016,664,365,1849,68,4042,2086,510,4487,3048,10546,15187,4761,2190
KEPULAUAN BANGKA BELITUNG,BANGKA TENGAH,539,200,9501,9759,292,279,2649,166,4473,3042,701,7679,1950,13430,20101,7042,2410
KEPULAUAN BANGKA BELITUNG,BELITUNG,623,175,9141,9078,278,592,3016,106,3486,3340,1045,5681,3222,12587,16949,4906,1694
KEPULAUAN BANGKA BELITUNG,BELITUNG TIMUR,381,85,6879,6663,378,373,3099,84,2071,2160,597,4130,2687,10012,13297,3915,1221
KEPULAUAN BANGKA BELITUNG,KOTA PANGKAL PINANG,1105,667,6642,8535,87,20,4238,110,3735,559,454,7878,310,10446,18378,6195,1684
KEPULAUAN RIAU,BINTAN,755,562,4532,4895,803,233,1394,253,2211,2073,477,5004,450,8264,16390,7022,1455
KEPULAUAN RIAU,KARIMUN,862,579,12190,10017,2251,1501,724,1033,7605,4407,1067,10496,2206,18950,30276,10583,3029
KEPULAUAN RIAU,KEPULAUAN ANAMBAS,38,7,656,347,338,20,78,1,40,586,39,627,39,1022,2366,1086,285
KEPULAUAN RIAU,KOTA BATAM,1784,4995,32759,33335,5373,1195,20905,7532,5569,5897,2329,36864,710,43757,96235,43143,6661
KEPULAUAN RIAU,KOTA TANJUNG PINANG,1563,2526,5849,9905,215,97,3237,1128,4823,1028,894,9139,184,13966,22323,9560,1466
KEPULAUAN RIAU,LINGGA,195,45,6914,3477,2977,749,282,555,3885,2481,591,5466,1145,8535,15011,4515,1526
KEPULAUAN RIAU,NATUNA,112,43,2380,1394,884,302,209,178,1191,1002,96,1731,753,2609,7209,2777,526
LAMPUNG,KOTA BANDAR LAMPUNG,17607,12484,49563,79408,922,321,23487,9443,40226,7494,17128,59324,4198,111006,194753,72427,14511
LAMPUNG,KOTA METRO,1163,578,6755,8515,0,0,650,30,5480,2355,1538,6845,132,12704,18098,6754,1347
LAMPUNG,LAMPUNG BARAT,3361,771,29147,17787,10226,5432,166,4891,9992,18396,3235,23930,6280,70753,41517,24399,6428
LAMPUNG,LAMPUNG SELATAN,10796,1860,118582,128446,2508,1184,11248,1200,79605,40083,23982,94631,13521,178697,264264,97485,26218
LAMPUNG,LAMPUNG TENGAH,9727,1120,111489,116855,4424,1621,775,358,60963,60804,23954,95848,3098,182185,208654,78103,24525
LAMPUNG,LAMPUNG TIMUR,8348,799,99346,105304,1986,1826,3144,1757,55868,48347,16006,91335,1775,155310,192846,72598,20452
LAMPUNG,LAMPUNG UTARA,6791,1476,64648,68657,1466,3336,271,599,22292,50297,9219,58509,5731,105739,149769,59587,15752
LAMPUNG,MESUJI,1602,77,20324,11856,8728,1639,3978,71,8750,9424,3512,18544,167,32063,37964,13886,5024
LAMPUNG,PESAWARAN,5146,817,55795,57097,2207,2617,1774,1649,34742,23756,8885,34060,18976,85260,127328,45700,12852
LAMPUNG,PESISIR BARAT,931,215,18412,10305,3419,5906,534,130,8990,9976,2009,8889,8732,37985,37152,19012,3894
LAMPUNG,PRINGSEWU,3438,512,32422,35303,415,774,5155,436,23020,7881,9315,20375,6802,50676,74072,27302,7706
LAMPUNG,TANGGAMUS,4674,870,60062,52677,5840,7594,431,1148,28398,36134,7897,29993,28221,112233,130050,54168,15812
LAMPUNG,TULANG BAWANG BARAT,1954,94,20655,21058,618,1069,181,51,3573,18940,3514,18777,454,33629,39437,14983,5219
LAMPUNG,TULANGBAWANG,3295,510,37930,27713,10664,3479,6032,1059,20868,13897,5628,35298,930,58602,82242,30391,9844
LAMPUNG,WAY KANAN,3640,373,42952,40363,3166,3512,137,60,17219,29625,8210,33883,4948,75857,82592,35025,9547
MALUKU,BURU,252,29,8194,4594,571,3365,169,335,4453,3573,998,2482,5050,15167,23031,12549,3504
MALUKU,BURU SELATAN,123,8,5545,2784,1063,1886,3,524,3012,2194,883,1160,3690,10949,16086,9477,1984
MALUKU,KEPULAUAN ARU,366,17,6284,542,753,5405,13,287,1886,4513,2294,701,3705,14339,18623,10296,2775
MALUKU,KOTA AMBON,4220,870,13894,18462,48,556,562,4940,12283,1281,4194,11793,3079,23428,56321,24274,3598
MALUKU,KOTA TUAL,271,23,4050,2653,530,1164,90,182,2718,1357,687,2100,1560,7291,14433,7464,956
MALUKU,MALUKU BARAT DAYA,666,13,9293,3189,2368,4487,10,139,9037,858,1670,3429,4945,22247,21092,13287,2579
MALUKU,MALUKU TENGAH,5868,367,29916,31250,849,5433,232,3862,23825,9613,4363,16755,16414,49951,113518,52916,7642
MALUKU,MALUKU TENGGARA,425,22,6505,3214,274,3470,16,413,5159,1370,611,2719,3628,16706,21318,13391,2395
MALUKU,MALUKU TENGGARA BARAT,763,28,10792,4672,2373,4705,40,1121,9396,1193,2667,4061,5022,26482,28145,17963,2923
MALUKU,SERAM BAGIAN BARAT,1700,59,17836,15093,537,4199,25,264,12963,6577,3758,4781,11290,34246,56846,32145,5562
MALUKU,SERAM BAGIAN TIMUR,252,10,8697,3914,486,4585,37,0,4776,4172,380,775,7830,14200,26303,14422,2823
MALUKU UTARA,HALMAHERA BARAT,371,7,6743,5270,610,1283,26,604,4361,2172,3020,1588,2555,13466,16668,9786,1394
MALUKU UTARA,HALMAHERA SELATAN,385,12,9082,3917,2445,3164,18,710,5097,3701,3209,1911,4406,16294,30184,15517,3614
MALUKU UTARA,HALMAHERA TENGAH,405,13,3623,2103,1461,484,29,44,2572,1403,1273,1276,1499,7273,11286,6257,1167
MALUKU UTARA,HALMAHERA TIMUR,249,20,5981,3763,1072,1442,104,0,2963,3210,2129,1548,2600,11816,14087,7102,1721
MALUKU UTARA,HALMAHERA UTARA,376,24,6054,4331,897,1275,47,421,3135,2900,3556,1204,1743,10407,19215,9179,3187
MALUKU UTARA,KEPULAUAN SULA,520,29,3714,2090,324,1933,22,214,2348,1763,558,1407,2382,6000,13353,6845,1335
MALUKU UTARA,KOTA TERNATE,346,67,3091,2349,710,460,46,1219,1461,793,761,2330,428,5560,8769,4228,764
MALUKU UTARA,KOTA TIDORE KEPULAUAN,369,14,5607,5871,120,86,46,292,3722,2017,1955,3283,839,11232,13556,6759,1175
MALUKU UTARA,PULAU MOROTAI,172,13,3227,1553,714,1241,9,157,1358,1984,965,158,2385,5859,10427,5371,1479
MALUKU UTARA,PULAU TALIABU,213,2,2266,353,459,1682,4,33,701,1756,214,587,1693,3943,6162,2973,1124
NUSA TENGGARA BARAT,BIMA,8120,79,53464,56596,1328,3991,107,3314,52540,5954,12808,17041,32066,80476,127445,60016,8976
NUSA TENGGARA BARAT,DOMPU,3143,161,27346,28770,309,1628,115,3457,25608,1527,5067,7902,17738,38293,64987,30564,4535
NUSA TENGGARA BARAT,KOTA BIMA,2713,218,12591,15308,118,214,300,1862,12774,704,6285,4994,4361,19889,33968,14517,2052
NUSA TENGGARA BARAT,KOTA MATARAM,8246,1236,24883,35410,219,91,2732,18145,13648,1195,15570,14545,5605,48653,78360,29365,7255
NUSA TENGGARA BARAT,LOMBOK BARAT,7669,340,93895,98393,2425,2447,3601,14100,69851,15713,21134,28553,53578,124156,195534,73407,17278
NUSA TENGGARA BARAT,LOMBOK TENGAH,8886,387,153336,160013,1564,1749,4173,16610,120220,22323,28671,55920,78735,169624,293000,104718,23899
NUSA TENGGARA BARAT,LOMBOK TIMUR,27458,588,188030,215638,1906,2706,3189,19268,172771,25022,49404,83142,87703,232017,412537,157271,31676
NUSA TENGGARA BARAT,LOMBOK UTARA,1987,77,34249,34333,1211,977,470,5456,22972,7623,6299,11975,18247,51820,63866,26495,7247
NUSA TENGGARA BARAT,SUMBAWA,3329,280,38884,38179,1756,2874,1815,6614,27254,7126,4432,14768,23609,61042,84091,33931,8432
NUSA TENGGARA BARAT,SUMBAWA BARAT,1072,194,13306,13837,420,324,1707,2094,10188,592,2070,8065,4446,18083,32401,12170,2485
NUSA TENGGARA TIMUR,ALOR,429,31,25567,11850,4057,10270,20,1552,13832,10773,4214,13623,8340,58687,48752,31854,6825
NUSA TENGGARA TIMUR,BELU,1554,267,18491,11054,1450,8464,105,1404,11556,7903,4571,10595,5802,35876,47010,26218,6064
NUSA TENGGARA TIMUR,ENDE,875,51,26192,21403,816,5539,29,1641,22129,3959,7178,13131,7449,59469,53304,32112,5987
NUSA TENGGARA TIMUR,FLORES TIMUR,861,74,21013,16971,957,4194,61,1126,19666,1269,2737,14373,5012,44947,49135,28905,6153
NUSA TENGGARA TIMUR,KOTA KUPANG,3640,2260,13207,19060,128,371,413,7326,8385,3435,6512,12807,240,25622,55356,26621,3085
NUSA TENGGARA TIMUR,KUPANG,1163,53,34451,20452,1761,13667,48,1507,20274,14051,3457,28483,3940,72901,86794,51778,9647
NUSA TENGGARA TIMUR,LEMBATA,658,53,16279,9303,3901,4003,35,1398,11538,4235,1583,13871,1753,27635,33074,16767,3283
NUSA TENGGARA TIMUR,MALAKA,474,27,21612,9126,440,12789,17,431,11970,9937,4495,6489,11371,45811,48178,30523,6480
NUSA TENGGARA TIMUR,MANGGARAI,2069,128,33712,18264,3006,15418,28,3288,22489,10883,4614,19562,12512,81375,80430,55810,9952
NUSA TENGGARA TIMUR,MANGGARAI BARAT,3166,43,30174,10943,3107,20166,100,2654,18375,13087,5273,15147,13796,63533,76965,48005,7534
NUSA TENGGARA TIMUR,MANGGARAI TIMUR,667,39,38835,6497,5237,27928,0,1395,24547,13720,3031,28958,7673,94320,77643,54288,11654
NUSA TENGGARA TIMUR,NAGEKEO,255,12,10909,7093,492,3664,13,808,8588,1840,1267,7370,2612,26367,26145,15627,3141
NUSA TENGGARA TIMUR,NGADA,238,37,10678,7814,489,3571,43,2535,7133,2163,1068,8596,2210,27442,24797,16248,3074
NUSA TENGGARA TIMUR,ROTE NDAO,597,36,17827,11023,2198,5390,25,469,9074,9043,1243,7197,10171,31074,39713,21469,4091
NUSA TENGGARA TIMUR,SABU RAIJUA,222,5,14399,3764,2360,8564,47,107,5688,8846,1841,10029,2817,25270,31383,18294,3004
NUSA TENGGARA TIMUR,SIKKA,1061,133,32943,18828,1261,14152,154,3763,19610,10714,3630,19413,11198,70334,71783,38946,9581
NUSA TENGGARA TIMUR,SUMBA BARAT,605,70,15229,3846,784,11383,19,54,7024,8916,1107,5019,9887,34434,41696,27371,3678
NUSA TENGGARA TIMUR,SUMBA BARAT DAYA,184,23,45799,6336,1698,38099,194,850,14194,30894,1629,24600,19904,128678,100578,84011,14755
NUSA TENGGARA TIMUR,SUMBA TENGAH,163,13,9212,1591,1283,6577,2,2,3860,5587,326,6702,2423,25554,18039,15581,1797
NUSA TENGGARA TIMUR,SUMBA TIMUR,1168,30,24325,6175,1666,18018,13,1844,7072,16930,2392,8642,14825,58906,52935,36374,6489
NUSA TENGGARA TIMUR,TIMOR TENGAH SELATAN,846,120,74056,21665,4888,48782,8,751,28682,45894,7709,65952,1674,140732,140221,86019,16759
NUSA TENGGARA TIMUR,TIMOR TENGAH UTARA,826,50,30324,15787,1725,13871,29,1304,20966,9084,3380,23941,4062,64614,51973,35670,7021
PAPUA,ASMAT,3003,287,8513,189,1133,10562,10,6,9,11859,1073,1381,9430,24184,14901,6929,6683
PAPUA,BIAK NUMFOR,2142,513,10674,12946,107,798,971,1242,5762,5876,3279,9759,813,22487,29334,15727,2225
PAPUA,BOVEN DIGOEL,37,4,5158,842,1244,3260,6,17,1088,4235,329,738,4279,12085,7609,5294,2192
PAPUA,DEIYAI,0,0,2991,382,1511,1098,4,5,412,2570,5,2947,39,8693,1677,2894,1283
PAPUA,DOGIYAI,1,2,4580,2,455,4126,9,4,495,4075,298,1476,2809,7908,3630,1871,1201
PAPUA,INTAN JAYA,0,1,205,0,6,200,0,0,9,197,0,201,5,446,137,105,81
PAPUA,JAYAPURA,491,31,8602,7720,362,1253,83,496,2628,6127,2576,3402,3357,15288,20746,10339,3057
PAPUA,JAYAWIJAYA,722,4,12420,819,2106,10221,5,12,152,12977,686,1169,11291,27621,4648,4480,2206
PAPUA,KEEROM,918,55,5201,4753,691,780,1115,22,1648,3439,714,4369,1141,11264,9354,5135,1072
PAPUA,KEPULAUAN YAPEN,832,207,6621,3595,378,4093,51,992,3826,3197,3850,3742,474,14477,13085,6716,2070
PAPUA,KOTA JAYAPURA,2908,2540,9816,15117,366,694,3427,6625,4180,1946,6344,8928,906,18976,41962,15706,3253
PAPUA,LANNY JAYA,2,0,5627,2,539,5088,0,6,982,4641,114,2986,2529,12037,5349,1638,4005
PAPUA,MAMBERAMO RAYA,0,0,680,0,512,176,1,0,288,399,21,285,382,1566,1564,890,407
PAPUA,MAMBERAMO TENGAH,0,0,687,0,283,404,0,0,387,300,13,252,422,1713,352,231,557
PAPUA,MAPPI,756,12,9647,429,401,9600,11,46,1822,8551,1072,2428,6930,25731,17056,9887,6989
PAPUA,MERAUKE,1657,418,10802,9973,645,2445,1108,667,4134,7154,2429,9609,1025,22547,30489,14755,3469
PAPUA,MIMIKA,1318,1001,10854,8296,1173,3783,3156,6,1988,8102,3107,7102,3043,18556,28631,11796,4609
PAPUA,NABIRE,619,167,8389,6575,574,2135,632,129,3333,5190,1504,6086,1694,14031,16835,6261,2369
PAPUA,NDUGA,0,0,0,0,0,0,0,0,0,0,0,0,0,0,0,0,0
PAPUA,PANIAI,0,0,6883,740,1318,4825,2,2,523,6356,42,6839,2,16067,6473,6667,1371
PAPUA,PEGUNUNGAN BINTANG,0,0,12849,34,2420,10395,3,4,3872,8970,2964,5192,4693,32873,8721,4771,10412
PAPUA,PUNCAK,29,2,11295,0,455,10871,0,0,10,11316,83,89,11154,28170,4438,552,5125
PAPUA,PUNCAK JAYA,205,128,6470,1,2826,4155,1,13,4561,2407,644,686,5652,18586,4465,2057,5111
PAPUA,SARMI,148,7,1879,520,982,561,22,2,283,1756,123,1077,863,3910,4020,2246,625
PAPUA,SUPIORI,29,1,1988,860,166,1006,4,15,825,1188,158,1552,322,2952,5575,2915,431
PAPUA,TOLIKARA,22,65,4197,0,841,3445,105,4,65,4112,137,169,3980,10155,1731,1260,1574
PAPUA,WAROPEN,180,27,1384,1027,238,338,27,5,785,786,427,1132,44,1592,4302,1604,367
PAPUA,YAHUKIMO,4,0,9972,1,95,9880,1,5,343,9627,679,47,9250,24880,5744,2163,6614
PAPUA,YALIMO,13,0,4869,0,1963,2928,0,0,2516,2375,175,2320,2396,19963,3229,2241,8223
PAPUA BARAT,FAKFAK,784,255,6941,4972,1821,1287,56,1544,1928,4552,2814,4228,1038,12339,20244,9615,1563
PAPUA BARAT,KAIMANA,539,80,3876,867,1194,2463,58,80,1335,3051,1942,1155,1427,8818,9064,5097,1874
PAPUA BARAT,KOTA SORONG,2669,2218,6920,11465,322,187,3811,1341,3899,2923,5262,6244,468,11085,38612,15342,3547
PAPUA BARAT,MANOKWARI,1139,263,9040,9029,406,1311,635,314,5175,4622,2544,6527,1675,19072,19599,9700,3422
PAPUA BARAT,MANOKWARI SELATAN,221,11,3433,1730,674,1289,8,75,1199,2411,1528,1224,941,9407,4211,2971,1607
PAPUA BARAT,MAYBRAT,418,11,3800,1809,1786,635,5,7,1522,2696,2686,1206,338,9370,4611,3488,736
PAPUA BARAT,PEGUNUNGAN ARFAK,315,1,6424,30,1171,5655,4,5,1216,5631,1508,2513,2835,15231,5538,3169,2965
PAPUA BARAT,RAJA AMPAT,170,26,4000,341,2712,1253,42,75,1795,2394,2580,1266,460,6267,14045,7005,1239
PAPUA BARAT,SORONG,843,111,6984,4932,2246,859,429,10,926,6672,2850,4602,585,12404,17664,8759,1795
PAPUA BARAT,SORONG SELATAN,708,10,2611,315,582,2441,10,12,336,2980,1448,261,1629,8286,7724,5438,1315
PAPUA BARAT,TAMBRAUW,56,0,2273,565,809,961,2,6,1155,1172,1137,510,688,4829,4418,2651,869
PAPUA BARAT,TELUK BINTUNI,458,116,4301,1915,1790,1263,228,6,1264,3470,1456,1915,1597,8145,12780,6418,1660
PAPUA BARAT,TELUK WONDAMA,178,24,2319,271,416,1879,23,0,255,2288,1580,495,491,4925,6173,3360,1015
RIAU,BENGKALIS,2142,1696,24843,22221,3718,3104,4055,197,4062,20729,1683,24718,2642,41091,65972,26733,7244
RIAU,INDRAGIRI HILIR,2667,1593,35526,15078,9351,15905,406,33,672,39223,4090,23244,13000,57543,94235,35530,13431
RIAU,INDRAGIRI HULU,3514,1063,28925,23654,3725,6485,7447,1072,10754,14591,2952,21526,9386,50090,75093,30767,8672
RIAU,KAMPAR,7573,4281,44464,50362,4552,2557,10304,1408,34006,11752,5583,42310,9578,73655,140104,59516,10386
RIAU,KEPULAUAN MERANTI,1063,459,21894,12805,6504,4311,353,25,889,22353,1130,19925,2564,41284,50496,22096,5764
RIAU,KOTA DUMAI,1839,3669,10225,14629,768,485,8981,972,3232,2697,1031,14388,463,20781,41796,18269,3505
RIAU,KOTA PEKANBARU,4778,11690,10326,26473,208,307,14751,120,10655,1462,3629,22595,764,37711,68644,34028,5160
RIAU,KUANTAN SINGINGI,2102,519,16836,17689,522,1459,2962,150,9816,6742,1624,9913,8133,25368,41302,16485,3528
RIAU,PELALAWAN,2107,2239,15008,9825,5711,4611,5559,90,5519,8979,2382,14133,3632,27725,44520,19017,4799
RIAU,ROKAN HILIR,6733,3877,38927,38606,6641,5249,6030,369,9692,34404,4795,43758,1942,61680,132131,54812,12060
RIAU,ROKAN HULU,5044,1851,22160,18705,7047,3764,4650,328,15329,9209,3135,18429,7952,36947,63336,25262,7256
RIAU,S I A K,2572,1927,16791,14180,5483,2387,7679,193,5831,8347,1565,19101,1384,27654,52858,22140,4488
SULAWESI BARAT,MAJENE,745,53,17211,15393,1265,1446,709,2510,10728,4157,3647,5350,9107,29062,49657,23988,6023
SULAWESI BARAT,MAMASA,1568,43,18802,3348,12263,5107,10,191,2524,17993,4810,6170,9738,43527,38863,24050,6316
SULAWESI BARAT,MAMUJU,1181,42,17244,10914,2840,4824,325,1220,8228,8805,1679,3728,13171,31172,41586,20890,6512
SULAWESI BARAT,MAMUJU TENGAH,473,18,6372,3355,1401,2139,160,10,2011,4714,690,2216,3989,11639,15291,7706,2169
SULAWESI BARAT,MAMUJU UTARA,800,25,9034,4064,3601,2303,816,13,4799,4340,1087,2771,6110,15909,23910,11820,3486
SULAWESI BARAT,POLEWALI MANDAR,2091,110,40563,32650,6241,4044,669,2794,24110,15362,6316,13733,22886,75089,94305,45666,13554
SULAWESI SELATAN,BANTAENG,1118,76,15439,14752,793,1293,191,3451,10596,2600,3245,5723,7870,24825,34379,11364,6342
SULAWESI SELATAN,BARRU,1225,85,15003,13690,913,1922,623,1355,12102,2445,1840,9770,4915,15420,41424,13403,3409
SULAWESI SELATAN,BONE,4333,517,74720,69445,2743,7967,1394,3893,53664,21204,6769,41585,31801,120832,171493,62940,20835
SULAWESI SELATAN,BULUKUMBA,2674,134,32479,32415,493,2625,2161,2678,20825,9869,3158,22541,9834,42574,77154,25502,9093
SULAWESI SELATAN,ENREKANG,2107,56,17454,16811,1806,1202,153,1173,9805,8688,2699,11522,5598,36999,40594,23539,4016
SULAWESI SELATAN,GOWA,4136,660,64876,66975,905,2147,5079,1740,51487,11720,10337,47632,12056,95018,159259,60311,15914
SULAWESI SELATAN,JENEPONTO,5288,105,45818,50619,329,661,1964,6222,38171,5252,7055,16591,27963,77380,110519,40913,14299
SULAWESI SELATAN,KEPULAUAN SELAYAR,704,27,12727,6495,4954,2126,665,1632,9585,1693,855,4181,8539,17146,28199,11551,2636
SULAWESI SELATAN,KOTA MAKASSAR,11577,10410,27527,49140,1214,162,13350,28199,8012,955,17347,30330,2838,59252,149589,56926,15316
SULAWESI SELATAN,KOTA PALOPO,1057,714,5430,6999,4,272,469,2353,2672,1781,1189,3801,2285,8350,24445,10431,2301
SULAWESI SELATAN,KOTA PAREPARE,1537,779,4710,7053,0,83,1302,2581,3108,144,2413,3714,1008,9329,18928,7928,1811
SULAWESI SELATAN,LUWU,3090,136,30067,24725,3755,5217,814,454,17015,15414,2301,10468,20927,47906,86831,40825,9081
SULAWESI SELATAN,LUWU TIMUR,1414,125,16825,15215,997,2301,768,433,8559,8753,2777,10025,5711,26464,43129,19625,4250
SULAWESI SELATAN,LUWU UTARA,3028,143,28674,24675,4524,2764,927,301,19768,10967,3749,16196,12018,53633,67230,33496,7900
SULAWESI SELATAN,MAROS,1823,183,28313,26701,1497,2290,2563,1553,13582,12790,4726,12934,12828,38971,79067,28613,8524
SULAWESI SELATAN,PANGKAJENE DAN KEPULAUAN,3142,181,28438,23864,5312,2911,2994,3358,15011,10724,5224,9629,17234,38403,86391,30231,9940
SULAWESI SELATAN,PINRANG,2275,182,20460,19800,2246,961,1071,397,17499,4040,1084,14383,7540,27650,55411,21062,5985
SULAWESI SELATAN,SIDENRENG RAPPANG,2712,190,18359,19354,912,1164,537,1565,17269,2059,4707,10909,5814,23658,53426,16973,5364
SULAWESI SELATAN,SINJAI,785,55,19884,16516,1332,3023,158,1806,10679,8228,1746,12115,7010,32546,44370,19267,5167
SULAWESI SELATAN,SOPPENG,1497,160,19881,18156,1032,2464,196,1331,16545,3580,2735,15318,3599,26199,45746,14279,4597
SULAWESI SELATAN,TAKALAR,1824,126,32096,32663,830,645,1134,8531,19994,4479,6830,15932,11376,41303,88590,29999,8421
SULAWESI SELATAN,TANA TORAJA,3009,111,20581,14024,6618,3615,24,642,11587,12004,2234,17290,4733,57488,42396,31142,5660
SULAWESI SELATAN,TORAJA UTARA,3039,156,15904,18323,3039,2303,69,903,9193,13500,3923,16156,3586,49547,52031,33830,5791
SULAWESI SELATAN,WAJO,2809,141,26716,25625,605,3654,1087,2590,15702,10505,3087,19065,7732,36126,68764,18634,9301
SULAWESI TENGAH,BANGGAI,3325,325,30901,27844,2139,5149,948,2754,18560,12870,4672,13476,16984,48486,70571,29541,6993
SULAWESI TENGAH,BANGGAI KEPULAUAN,537,23,11575,5585,1745,4861,156,1655,7864,2516,2242,3940,6009,19707,23253,11407,3176
SULAWESI TENGAH,BANGGAI LAUT,382,16,3859,2300,911,1058,25,591,2785,868,1015,1122,2132,5363,9794,4116,1047
SULAWESI TENGAH,BUOL,1000,89,12197,8400,1435,3566,571,1418,6064,5348,1602,4231,7568,17685,37803,17554,4147
SULAWESI TENGAH,DONGGALA,2524,165,29272,20442,3519,8335,336,2199,16860,12901,3107,6341,22848,48610,79092,35742,10379
SULAWESI TENGAH,KOTA PALU,2227,1399,9453,12786,118,299,2064,1073,9057,1009,4168,7078,1957,19860,32262,14556,3189
SULAWESI TENGAH,MOROWALI,450,18,9447,5312,3591,1109,399,133,6376,3104,729,5213,4070,11603,23833,9114,2143
SULAWESI TENGAH,MOROWALI UTARA,663,37,9019,6139,1306,2446,234,336,4877,4444,800,5003,4088,16211,19554,9059,2488
SULAWESI TENGAH,PARIGI MOUTONG,3223,229,40053,32969,1392,9627,1322,1120,23535,18011,4464,8645,30878,68065,103332,43307,16367
SULAWESI TENGAH,POSO,2646,164,21170,21768,631,1838,893,2973,13136,7235,3784,15265,5188,43355,46144,22938,4115
SULAWESI TENGAH,SIGI,1872,85,19814,14602,2227,5254,69,158,12863,8993,3159,4605,14319,39430,44432,21155,7063
SULAWESI TENGAH,TOJO UNA-UNA,1015,30,13224,7069,3077,4207,73,1896,8961,3423,1795,3140,9418,23640,34466,16333,4898
SULAWESI TENGAH,TOLI-TOLI,1487,150,17467,14158,1454,3637,302,2566,7214,9167,2227,3948,13074,24971,48969,19500,6916
SULAWESI TENGGARA,BOMBANA,862,25,15620,10048,2876,3640,637,1167,10578,4182,1462,5778,9323,25985,35224,16295,4721
SULAWESI TENGGARA,BUTON,859,34,9509,7230,927,2309,109,1309,6818,2230,1866,3758,4842,16720,27177,13893,3103
SULAWESI TENGGARA,BUTON SELATAN,907,49,8572,5953,1036,2589,27,465,5237,3848,1797,4194,3586,14325,28288,14576,2525
SULAWESI TENGGARA,BUTON TENGAH,1571,35,11254,10606,849,1509,157,6672,4130,2005,1455,6171,5338,16236,32416,15392,3239
SULAWESI TENGGARA,BUTON UTARA,223,4,6606,2642,848,3376,172,682,3831,2181,1117,2499,3250,11192,14810,8467,1368
SULAWESI TENGGARA,KOLAKA,924,151,11940,9394,1217,2487,599,1039,7747,3712,1044,6034,6019,20450,31586,15203,3839
SULAWESI TENGGARA,KOLAKA TIMUR,479,17,9314,4827,1336,3670,83,619,5909,3222,976,4339,4518,18566,17135,9577,2243
SULAWESI TENGGARA,KOLAKA UTARA,1573,170,14871,10951,2247,3448,510,4007,7306,4823,1015,8394,7237,33780,30236,16714,4308
SULAWESI TENGGARA,KONAWE,1360,47,19402,16401,1416,3050,428,776,11170,8493,3433,10495,6939,33255,48537,22710,5648
SULAWESI TENGGARA,KONAWE KEPULAUAN,200,4,5177,2860,1022,1518,4,163,4053,1180,420,1895,3085,9592,11068,6065,1194
SULAWESI TENGGARA,KONAWE SELATAN,699,31,22498,19298,981,2999,103,268,15404,7503,1947,11990,9341,36825,51847,26001,6260
SULAWESI TENGGARA,KONAWE UTARA,195,2,5147,3184,1105,1065,72,48,3564,1670,479,2137,2738,9686,13855,7539,1539
SULAWESI TENGGARA,KOTA BAUBAU,3088,555,8796,12206,62,326,515,5891,5557,631,5331,6244,1019,17108,33084,15426,2611
SULAWESI TENGGARA,KOTA KENDARI,2531,1302,13543,17117,22,350,1545,2373,11635,1936,3628,11287,2574,23730,49717,21763,3794
SULAWESI TENGGARA,MUNA,1744,109,23439,19744,1402,4301,156,2808,14944,7539,5861,7999,11587,40817,54850,30504,5643
SULAWESI TENGGARA,MUNA BARAT,553,18,10988,8095,1272,2238,25,172,8401,3007,1513,3694,6398,21135,22081,12707,2802
SULAWESI TENGGARA,WAKATOBI,392,4,6558,5049,1019,945,108,1531,3611,1763,511,4274,2228,12946,18090,9901,1889
SULAWESI UTARA,BOLAANG MONGONDOW,3207,164,22261,25182,216,394,1365,1640,12244,10543,3256,8943,13593,34620,61177,23970,5738
SULAWESI UTARA,BOLAANG MONGONDOW SELATAN,487,16,4593,4829,71,234,226,302,2986,1620,803,773,3558,6462,14801,6593,1403
SULAWESI UTARA,BOLAANG MONGONDOW TIMUR,489,44,4432,4747,118,167,274,831,2574,1353,725,1351,2956,7036,11892,4680,1118
SULAWESI UTARA,BOLAANG MONGONDOW UTARA,559,17,6503,6648,224,222,362,72,3233,3427,2194,1490,3410,8534,17531,7415,1322
SULAWESI UTARA,KEPULAUAN SANGIHE,782,22,8798,7465,571,1623,27,1041,5245,3346,1715,4007,3937,15382,23118,8172,2510
SULAWESI UTARA,KEPULAUAN TALAUD,442,5,6755,6781,165,262,63,508,4227,2410,1701,4224,1283,14915,16047,8572,1398
SULAWESI UTARA,KOTA BITUNG,2184,521,10052,11712,1018,355,3293,2257,6353,1182,2867,9146,1072,15359,33112,12228,2693
SULAWESI UTARA,KOTA MANADO,5099,1479,11499,18752,342,217,9364,1588,5635,2724,6355,11330,1626,21813,48948,18293,3874
SULAWESI UTARA,KOTA TOMOHON,2810,119,4732,7631,5,38,967,1064,4374,1269,2926,4701,47,10116,17485,6557,1041
SULAWESI UTARA,KOTAMOBAGU,1030,194,6403,7581,95,31,1298,1511,3342,1556,955,3426,3326,11252,19505,7584,1571
SULAWESI UTARA,MINAHASA,7479,493,11963,19899,269,367,1430,1662,12921,4522,7482,11397,1656,26798,54508,21120,3817
SULAWESI UTARA,MINAHASA SELATAN,5764,313,18478,24605,102,335,1897,848,16917,5380,6835,14907,3300,32112,58755,23334,4075
SULAWESI UTARA,MINAHASA TENGGARA,1383,181,7876,9282,59,161,1593,737,5015,2157,2293,5226,1983,12602,20998,8976,1783
SULAWESI UTARA,MINAHASA UTARA,3807,429,11806,15565,295,546,2318,1190,9313,3585,2261,9929,4216,21586,41721,15912,3577
SULAWESI UTARA,SIAU TAGULANDANG BIARO,284,1,2548,2433,286,127,24,120,1372,1330,579,1659,608,3559,6383,2360,539
SUMATERA BARAT,AGAM,5442,665,14104,18811,659,1978,1320,681,11087,8360,4940,8896,7612,32599,52616,26543,4772
SUMATERA BARAT,DHARMASRAYA,642,102,6221,6506,180,359,559,247,2239,4000,881,3766,2398,10652,15890,7112,2210
SUMATERA BARAT,KEPULAUAN MENTAWAI,187,33,7752,783,1252,6013,31,22,1626,6369,689,2594,4764,17133,18825,11204,4209
SUMATERA BARAT,KOTA BUKITTINGGI,955,1749,1152,3834,5,42,1853,702,1033,293,827,2979,75,5941,9378,4764,731
SUMATERA BARAT,KOTA PADANG,10097,6865,25361,42352,169,584,11318,7242,19476,5069,7905,25768,9432,56521,125683,53177,8711
SUMATERA BARAT,KOTA PADANG PANJANG,556,373,1145,2048,0,45,520,603,771,199,746,1219,128,3260,4357,2336,438
SUMATERA BARAT,KOTA PARIAMAN,1296,184,3026,4416,2,96,1066,166,2755,527,782,3026,706,6920,12619,6429,796
SUMATERA BARAT,KOTA PAYAKUMBUH,1091,888,4417,6261,25,146,2161,2581,1250,440,1685,4094,653,11027,15432,8013,1124
SUMATERA BARAT,KOTA SAWAH LUNTO,332,57,1173,1370,13,201,185,191,989,219,249,975,360,2595,3313,1610,344
SUMATERA BARAT,KOTA SOLOK,390,440,1606,2382,1,71,962,1120,165,207,437,1342,675,3743,6479,3333,521
SUMATERA BARAT,LIMA PULUH KOTA,4682,474,25923,28906,448,2795,2705,912,12211,16321,9802,8143,14203,49116,63035,30540,5967
SUMATERA BARAT,PADANG PARIAMAN,4919,493,22421,25277,431,2785,1956,1183,13694,11660,3980,9722,14791,34123,82359,36901,6299
SUMATERA BARAT,PASAMAN,5387,1669,17952,18425,2334,4728,621,2470,7125,15270,7263,1856,16368,43972,57875,30968,7194
SUMATERA BARAT,PASAMAN BARAT,4883,1517,33195,35803,1757,2471,5488,1824,13139,19580,4473,10770,24788,59045,89284,42602,9398
SUMATERA BARAT,PESISIR SELATAN,6350,579,30268,33851,1122,3028,5537,2987,15346,14131,2296,12534,23171,50471,113797,49455,8151
SUMATERA BARAT,SIJUNJUNG,1074,96,10599,9890,287,1838,1231,1184,3071,6529,780,3125,8109,16427,29214,12903,3355
SUMATERA BARAT,SOLOK,5206,705,22971,24394,1899,3753,1623,2894,12400,13129,7497,5805,16744,53422,70255,37100,7767
SUMATERA BARAT,SOLOK SELATAN,1458,116,7542,7366,1110,857,186,1765,2290,5092,225,1772,7336,15592,25237,12856,2393
SUMATERA BARAT,TANAH DATAR,5309,431,13314,18114,251,1616,756,1644,11529,6052,6260,5695,8026,30990,46690,24023,4143
SUMATERA SELATAN,BANYU ASIN,5938,1934,73883,70146,6276,6133,11175,4651,8267,58461,17008,55508,10035,129623,171673,66342,23949
SUMATERA SELATAN,EMPAT LAWANG,3577,706,17671,19635,208,2528,214,132,4184,17841,791,4879,16700,39627,38995,18994,4520
SUMATERA SELATAN,KOTA LUBUKLINGGAU,2171,1907,7669,11490,103,271,297,1156,7600,2811,2090,7572,2202,16652,28538,11296,2902
SUMATERA SELATAN,KOTA PAGAR ALAM,1489,934,6813,9121,65,224,22,332,6818,2238,3788,3078,2544,18239,15431,8020,1752
SUMATERA SELATAN,KOTA PALEMBANG,23628,18522,47052,87642,1878,820,12357,58186,6685,13112,20780,63132,6428,115645,240414,89135,18368
SUMATERA SELATAN,KOTA PRABUMULIH,1793,1368,7648,10514,38,299,553,325,7050,2922,2054,6205,2591,17553,20868,9807,2192
SUMATERA SELATAN,LAHAT,6845,1300,29226,35392,509,1771,482,1204,19293,16693,10576,10889,16207,65564,67858,34270,6273
SUMATERA SELATAN,MUARA ENIM,7183,1687,44984,50221,2509,2972,1261,4058,29831,20552,10576,25090,20036,96577,102666,49443,12699
SUMATERA SELATAN,MUSI BANYUASIN,6687,1939,45283,34243,15775,4726,3342,5966,14083,31353,17004,31918,5822,89103,95974,42462,11011
SUMATERA SELATAN,MUSI RAWAS,4639,664,37268,38394,721,3808,699,890,20310,21024,6770,25395,10757,70471,69503,30363,8824
SUMATERA SELATAN,MUSI RAWAS UTARA,3112,605,14410,11274,3172,3844,396,344,6127,11423,3812,5450,9028,29465,30839,14186,4033
SUMATERA SELATAN,OGAN ILIR,5328,830,39431,39529,1432,5206,5189,2079,14938,23961,17699,17269,11197,81548,81999,37194,11192
SUMATERA SELATAN,OGAN KOMERING ILIR,13738,1085,56904,56595,7313,8416,7530,1003,33454,30337,27202,34269,10853,117804,132801,55140,19446
SUMATERA SELATAN,OGAN KOMERING ULU,5574,1625,17430,22304,404,2216,913,1744,9414,12853,2561,10490,11873,39040,47379,19776,5553
SUMATERA SELATAN,OGAN KOMERING ULU SELATAN,5059,1539,34787,22453,8013,11285,198,1485,14886,25182,3535,15724,22492,83287,62013,35161,8123
SUMATERA SELATAN,OGAN KOMERING ULU TIMUR,4050,406,29459,32604,518,1104,144,266,21932,11884,6763,22389,5074,54121,68028,29835,7788
SUMATERA SELATAN,PENUKAL ABAB LEMATANG ILIR,1676,318,15683,16503,431,834,778,906,9427,6657,1723,8559,7486,33693,31299,17089,5273
SUMATERA UTARA,ASAHAN,5741,2373,24967,31294,856,1481,8679,2902,18077,3973,2473,27196,3962,43675,87937,39778,9396
SUMATERA UTARA,BATU BARA,7364,2338,33155,41133,774,1185,3199,6645,30853,2395,4164,34141,4787,50450,109973,44944,10061
SUMATERA UTARA,DAIRI,2591,2221,12293,14786,261,2274,36,1325,7531,8429,1045,11156,5120,45191,27018,28783,3008
SUMATERA UTARA,DELI SERDANG,27209,10489,70349,106752,1460,1962,24088,3362,61819,20905,14359,87227,8587,119509,251104,91900,18742
SUMATERA UTARA,HUMBANG HASUNDUTAN,3004,272,9714,11887,122,1159,9,311,5259,7589,749,5302,7117,35675,15365,21356,1520
SUMATERA UTARA,KARO,4566,9685,7919,22901,251,1038,344,4630,15674,3542,7296,9572,7322,51815,41515,31082,4757
SUMATERA UTARA,KOTA BINJAI,3764,2023,9965,15725,38,96,5437,517,8486,1419,2401,12822,636,21599,35878,14611,2723
SUMATERA UTARA,KOTA GUNUNGSITOLI,2284,355,11072,11460,124,2456,202,659,3568,9611,1876,6202,5962,26444,34538,20098,3136
SUMATERA UTARA,KOTA MEDAN,27266,29251,52119,109408,470,271,46641,30607,31593,1307,13322,95744,1083,152117,280817,119837,19777
SUMATERA UTARA,KOTA PADANGSIDIMPUAN,1986,3527,4946,9978,45,438,1059,810,1743,6849,2894,3645,3922,17436,24402,13877,2040
SUMATERA UTARA,KOTA PEMATANG SIANTAR,4511,5599,7499,17568,62,132,1179,13207,3088,288,1383,15093,1285,25972,40464,18941,2505
SUMATERA UTARA,KOTA SIBOLGA,1346,2274,1782,5369,1,38,646,3408,825,529,805,4225,378,8117,15082,8089,1012
SUMATERA UTARA,KOTA TANJUNG BALAI,2678,3170,8377,14056,37,207,6469,5736,701,1394,1823,10556,1921,20679,41374,18320,4255
SUMATERA UTARA,KOTA TEBING TINGGI,2576,2467,5407,10671,8,35,2709,1255,6436,314,1861,8544,309,14565,25843,10565,2545
SUMATERA UTARA,LABUHAN BATU,3022,2180,17615,20029,1037,2178,1933,303,5193,15815,2032,18439,2773,27278,63284,26968,6401
SUMATERA UTARA,LABUHAN BATU SELATAN,1904,868,5880,7891,595,570,1032,65,2630,5329,1648,5768,1640,13978,23985,12074,3036
SUMATERA UTARA,LABUHAN BATU UTARA,3127,903,14956,16344,1171,1947,1521,475,8069,9397,1750,13548,4163,24181,52505,23945,5470
SUMATERA UTARA,LANGKAT,23500,5086,66126,93166,1335,2435,9747,5079,53597,28513,13324,71198,12414,114457,229181,90382,20748
SUMATERA UTARA,MANDAILING NATAL,4566,4370,22522,21846,1498,8218,398,128,15519,15517,11781,3247,16534,48744,76427,42606,9126
SUMATERA UTARA,NIAS,2131,192,18425,7271,584,13148,51,96,1772,19084,1256,9153,10592,54699,41536,30780,9035
SUMATERA UTARA,NIAS BARAT,1943,59,11686,7881,383,5531,34,24,1797,11940,2022,2788,8985,33924,27421,20486,3522
SUMATERA UTARA,NIAS SELATAN,3364,243,39853,13059,1154,29865,215,207,6475,37181,5675,4697,33706,112085,76578,57557,18699
SUMATERA UTARA,NIAS UTARA,2750,88,19778,10533,368,12145,106,231,2039,20670,1986,6507,14553,46929,50943,33298,6292
SUMATERA UTARA,PADANG LAWAS,2650,892,13139,13351,183,3271,148,0,9294,7363,1008,2123,13674,33474,39485,26590,5373
SUMATERA UTARA,PADANG LAWAS UTARA,1912,395,8824,7892,471,2854,107,20,3545,7545,1690,1692,7835,22564,26879,18449,3858
SUMATERA UTARA,PAKPAK BHARAT,227,19,2071,1812,206,318,2,36,976,1322,121,1151,1064,5947,5096,4743,589
SUMATERA UTARA,SAMOSIR,2679,292,3415,6136,238,363,12,178,1544,5003,322,2536,3879,21955,9856,14550,1158
SUMATERA UTARA,SERDANG BEDAGAI,6985,1836,26877,34962,224,876,3002,606,28005,4449,4739,25694,5629,47095,91312,40299,8378
SUMATERA UTARA,SIMALUNGUN,9621,3030,28873,40375,417,1818,490,8541,27102,6477,2838,26606,13166,67939,84736,47650,7579
SUMATERA UTARA,TAPANULI SELATAN,3384,2650,13625,15034,1203,3837,106,340,8012,11616,12132,2112,5830,35756,35060,22869,4407
SUMATERA UTARA,TAPANULI TENGAH,5383,3192,20690,25424,889,3374,684,2011,9814,17178,2025,6375,21287,54921,65013,42936,7600
SUMATERA UTARA,TAPANULI UTARA,5561,1523,17502,23512,549,1977,4,1431,15413,9190,2966,12302,10770,63399,37950,38143,3235
SUMATERA UTARA,TOBA SAMOSIR,2778,787,4693,7427,164,835,84,240,5378,2724,576,3310,4540,22110,15123,15638,1371
